{
    "basic_stats": {
        "FOA": {
            "mean": 1680.7270085853056,
            "std": 133.44976355156567,
            "var": 17808.839391968788,
            "min": 1397.875890988277,
            "max": 1960.9434416017702
        },
        "Random": {
            "mean": 1442.6039565399647,
            "std": 86.85512664813515,
            "var": 7543.813025063599,
            "min": 1318.5797155693683,
            "max": 1587.163134661901
        },
        "Greedy": {
            "mean": 650.7777941362358,
            "std": 2.2737367544323206e-13,
            "var": 5.169878828456423e-26,
            "min": 650.7777941362356,
            "max": 650.7777941362356
        },
        "PSO": {
            "mean": 1690.595621288501,
            "std": 68.8635296702078,
            "var": 4742.18571863959,
            "min": 1502.798919961905,
            "max": 1810.4209391677296
        }
    },
    "confidence_intervals": {
        "FOA": {
            "lower": 1630.044174925384,
            "upper": 1731.4098422452273
        },
        "Random": {
            "lower": 1409.6172818598113,
            "upper": 1475.590631220118
        },
        "Greedy": {
            "lower": 650.7777941362357,
            "upper": 650.7777941362359
        },
        "PSO": {
            "lower": 1664.4419682086916,
            "upper": 1716.7492743683104
        }
    },
    "tests": {
        "Random": {
            "t_stat": 8.053575568071928,
            "p_value": 1.40737095639312e-10,
            "significant": true
        },
        "Greedy": {
            "t_stat": 41.56205387837787,
            "p_value": 2.1285996816712533e-27,
            "significant": true
        },
        "PSO": {
            "t_stat": -0.3538929898751975,
            "p_value": 0.7251317671846378,
            "significant": false
        }
    },
    "wilcoxon": {
        "Random": {
            "u_stat": 843.0,
            "p_value": 3.2591365640618348e-09,
            "significant": true
        },
        "Greedy": {
            "u_stat": 900.0,
            "p_value": 6.058901985029879e-13,
            "significant": true
        },
        "PSO": {
            "u_stat": 424.0,
            "p_value": 0.6523923004665451,
            "significant": false
        }
    }
}