FOA,Random,Greedy,PSO
1680.7270085853056,1442.6039565399647,650.7777941362358,1690.595621288501
